<?xml version="1.0" encoding="UTF-8"?>
<!DOCTYPE hibernate-mapping PUBLIC 
    "-//Hibernate/Hibernate Mapping DTD 3.0//EN"
    "http://www.hibernate.org/dtd/hibernate-mapping-3.0.dtd">
    
 <hibernate-mapping>  
  <class name="hibernate.trial.Employee" table="emp">  
    <id name="empid">  
     <generator class="assigned"></generator>  
    </id>  
            
    <property name="empName"></property>  
    <property name="salary"></property>             
  </class>       
 </hibernate-mapping>